CREATE DATABASE  IF NOT EXISTS `game` /*!40100 DEFAULT CHARACTER SET utf8 */;
USE `game`;
-- MySQL dump 10.13  Distrib 8.0.15, for Win64 (x86_64)
--
-- Host: 127.0.0.1    Database: game
-- ------------------------------------------------------
-- Server version	8.0.15

/*!40101 SET @OLD_CHARACTER_SET_CLIENT=@@CHARACTER_SET_CLIENT */;
/*!40101 SET @OLD_CHARACTER_SET_RESULTS=@@CHARACTER_SET_RESULTS */;
/*!40101 SET @OLD_COLLATION_CONNECTION=@@COLLATION_CONNECTION */;
 SET NAMES utf8 ;
/*!40103 SET @OLD_TIME_ZONE=@@TIME_ZONE */;
/*!40103 SET TIME_ZONE='+00:00' */;
/*!40014 SET @OLD_UNIQUE_CHECKS=@@UNIQUE_CHECKS, UNIQUE_CHECKS=0 */;
/*!40014 SET @OLD_FOREIGN_KEY_CHECKS=@@FOREIGN_KEY_CHECKS, FOREIGN_KEY_CHECKS=0 */;
/*!40101 SET @OLD_SQL_MODE=@@SQL_MODE, SQL_MODE='NO_AUTO_VALUE_ON_ZERO' */;
/*!40111 SET @OLD_SQL_NOTES=@@SQL_NOTES, SQL_NOTES=0 */;

--
-- Table structure for table `character`
--

DROP TABLE IF EXISTS `character`;
/*!40101 SET @saved_cs_client     = @@character_set_client */;
 SET character_set_client = utf8mb4 ;
CREATE TABLE `character` (
  `character_id` int(11) NOT NULL,
  `nickname` varchar(45) NOT NULL,
  `birthdate` datetime NOT NULL,
  `user_id` int(11) NOT NULL,
  PRIMARY KEY (`character_id`),
  UNIQUE KEY `nickname_UNIQUE` (`nickname`),
  KEY `fk_user_character_idx` (`user_id`),
  CONSTRAINT `fk_user_character` FOREIGN KEY (`user_id`) REFERENCES `user` (`user_id`)
) ENGINE=InnoDB DEFAULT CHARSET=utf8;
/*!40101 SET character_set_client = @saved_cs_client */;

--
-- Dumping data for table `character`
--

LOCK TABLES `character` WRITE;
/*!40000 ALTER TABLE `character` DISABLE KEYS */;
INSERT INTO `character` VALUES (1,'qDshun','1999-10-30 00:00:00',1),(2,'XxKycTxX','1999-10-31 00:00:00',1),(3,'DeffxXx','1999-11-01 00:00:00',1);
/*!40000 ALTER TABLE `character` ENABLE KEYS */;
UNLOCK TABLES;

--
-- Table structure for table `character_info`
--

DROP TABLE IF EXISTS `character_info`;
/*!40101 SET @saved_cs_client     = @@character_set_client */;
 SET character_set_client = utf8mb4 ;
CREATE TABLE `character_info` (
  `character_id` int(11) NOT NULL,
  `race` varchar(45) DEFAULT NULL,
  `sex` enum('male','female') DEFAULT NULL,
  `level` int(11) DEFAULT NULL,
  `str` int(11) NOT NULL,
  `dex` int(11) NOT NULL,
  `int` int(11) NOT NULL,
  `con` int(11) NOT NULL,
  `cha` int(11) NOT NULL,
  `exp` int(11) NOT NULL,
  `gold` int(11) NOT NULL DEFAULT '0',
  `stat_points` int(11) DEFAULT NULL,
  PRIMARY KEY (`character_id`),
  CONSTRAINT `fk_info_character` FOREIGN KEY (`character_id`) REFERENCES `character` (`character_id`)
) ENGINE=InnoDB DEFAULT CHARSET=utf8;
/*!40101 SET character_set_client = @saved_cs_client */;

--
-- Dumping data for table `character_info`
--

LOCK TABLES `character_info` WRITE;
/*!40000 ALTER TABLE `character_info` DISABLE KEYS */;
INSERT INTO `character_info` VALUES (1,'Human','male',27,8,1,3,1,3,365,800,0);
/*!40000 ALTER TABLE `character_info` ENABLE KEYS */;
UNLOCK TABLES;

--
-- Table structure for table `character_state`
--

DROP TABLE IF EXISTS `character_state`;
/*!40101 SET @saved_cs_client     = @@character_set_client */;
 SET character_set_client = utf8mb4 ;
CREATE TABLE `character_state` (
  `character_id` int(11) NOT NULL,
  `hp` int(11) NOT NULL,
  `mp` int(11) NOT NULL,
  `stamina` int(11) NOT NULL,
  `max_hp` int(11) NOT NULL,
  `max_mp` int(11) NOT NULL,
  `max_stamina` int(11) NOT NULL,
  `equiped_weapon_id` int(11) DEFAULT NULL,
  `equiped_armor_id` int(11) DEFAULT NULL,
  `equiped_amulet_id` int(11) DEFAULT NULL,
  `x_pos` int(11) NOT NULL,
  `y_pos` int(11) NOT NULL,
  `equiped_offhand_id` int(11) DEFAULT NULL,
  PRIMARY KEY (`character_id`),
  KEY `fk_equiped_weapon_idx` (`equiped_weapon_id`),
  KEY `fk_equiped_offhand_idx` (`equiped_offhand_id`),
  KEY `fk_equiped_armor_idx` (`equiped_armor_id`),
  KEY `fk_equiped_amulet_idx` (`equiped_amulet_id`),
  CONSTRAINT `fk_character_state` FOREIGN KEY (`character_id`) REFERENCES `character` (`character_id`),
  CONSTRAINT `fk_equiped_amulet` FOREIGN KEY (`equiped_amulet_id`) REFERENCES `existing_item` (`existing_item_id`),
  CONSTRAINT `fk_equiped_armor` FOREIGN KEY (`equiped_armor_id`) REFERENCES `existing_item` (`existing_item_id`),
  CONSTRAINT `fk_equiped_offhand` FOREIGN KEY (`equiped_offhand_id`) REFERENCES `existing_item` (`existing_item_id`),
  CONSTRAINT `fk_equiped_weapon` FOREIGN KEY (`equiped_weapon_id`) REFERENCES `existing_item` (`existing_item_id`)
) ENGINE=InnoDB DEFAULT CHARSET=utf8;
/*!40101 SET character_set_client = @saved_cs_client */;

--
-- Dumping data for table `character_state`
--

LOCK TABLES `character_state` WRITE;
/*!40000 ALTER TABLE `character_state` DISABLE KEYS */;
INSERT INTO `character_state` VALUES (1,100,0,100,100,100,100,9,25,NULL,5,5,31);
/*!40000 ALTER TABLE `character_state` ENABLE KEYS */;
UNLOCK TABLES;

--
-- Table structure for table `existing_item`
--

DROP TABLE IF EXISTS `existing_item`;
/*!40101 SET @saved_cs_client     = @@character_set_client */;
 SET character_set_client = utf8mb4 ;
CREATE TABLE `existing_item` (
  `existing_item_id` int(11) NOT NULL,
  `item_id` int(11) NOT NULL,
  `item_type_id` int(11) NOT NULL,
  `character_id` int(11) DEFAULT NULL,
  PRIMARY KEY (`existing_item_id`),
  KEY `fk_existing_item_idx` (`item_id`),
  KEY `fk_existing_item_type_idx` (`item_type_id`),
  KEY `fk_existing_item_character_idx` (`character_id`),
  CONSTRAINT `fk_existing_item` FOREIGN KEY (`item_id`) REFERENCES `item` (`item_id`),
  CONSTRAINT `fk_existing_item_character` FOREIGN KEY (`character_id`) REFERENCES `character` (`character_id`),
  CONSTRAINT `fk_existing_item_type` FOREIGN KEY (`item_type_id`) REFERENCES `item_type` (`item_type_id`)
) ENGINE=InnoDB DEFAULT CHARSET=utf8;
/*!40101 SET character_set_client = @saved_cs_client */;

--
-- Dumping data for table `existing_item`
--

LOCK TABLES `existing_item` WRITE;
/*!40000 ALTER TABLE `existing_item` DISABLE KEYS */;
INSERT INTO `existing_item` VALUES (1,1,2,1),(2,2,4,1),(3,1,1,1),(4,1,3,1),(5,1,1,1),(6,1,4,1),(7,2,2,1),(8,1,1,1),(9,4,8,1),(10,1,2,1),(11,11,4,1),(12,2,4,1),(13,1,1,1),(14,11,6,1),(15,1,8,1),(16,1,8,1),(17,1,2,1),(18,7,4,1),(19,1,2,1),(20,1,4,1),(21,2,4,1),(22,11,10,1),(23,29,13,1),(24,25,9,1),(25,25,14,1),(26,1,7,1),(27,1,7,1),(28,19,7,1),(29,25,7,1),(30,25,2,1),(31,16,6,1),(32,1,7,1),(33,19,8,1),(34,19,1,1),(35,27,7,1),(36,4,2,1),(37,1,2,1),(38,16,12,1),(39,19,2,1),(40,16,7,1),(41,19,7,1),(42,1,1,1),(43,16,14,1),(44,19,4,1),(45,1,2,1),(46,16,1,1);
/*!40000 ALTER TABLE `existing_item` ENABLE KEYS */;
UNLOCK TABLES;

--
-- Table structure for table `existing_monster`
--

DROP TABLE IF EXISTS `existing_monster`;
/*!40101 SET @saved_cs_client     = @@character_set_client */;
 SET character_set_client = utf8mb4 ;
CREATE TABLE `existing_monster` (
  `existing_monster_id` int(11) NOT NULL,
  `monster_id` int(11) NOT NULL,
  `x_pos` int(11) NOT NULL,
  `y_pos` int(11) NOT NULL,
  `damaged` int(11) NOT NULL,
  PRIMARY KEY (`existing_monster_id`),
  KEY `fk_existing_monster_idx` (`monster_id`),
  KEY `fk_moster_y_pos_idx` (`y_pos`),
  CONSTRAINT `fk_existing_monster` FOREIGN KEY (`monster_id`) REFERENCES `monster` (`monster_id`)
) ENGINE=InnoDB DEFAULT CHARSET=utf8;
/*!40101 SET character_set_client = @saved_cs_client */;

--
-- Dumping data for table `existing_monster`
--

LOCK TABLES `existing_monster` WRITE;
/*!40000 ALTER TABLE `existing_monster` DISABLE KEYS */;
INSERT INTO `existing_monster` VALUES (1,4,0,11,0),(2,9,0,11,0),(3,14,0,12,0),(4,4,0,12,0),(5,10,0,13,0),(6,7,0,14,0),(7,4,0,15,0),(8,11,0,15,0),(9,9,0,17,0),(10,3,0,17,0),(11,1,0,18,0),(12,8,0,18,0),(13,2,0,18,0),(14,7,0,19,0),(15,17,0,20,0),(16,17,0,20,0),(17,4,0,22,0),(18,17,0,23,0),(19,11,0,24,0),(20,8,0,25,0),(21,4,0,25,0),(22,3,0,26,0),(23,8,0,27,0),(24,3,0,28,0),(25,9,0,29,0),(26,9,0,29,0),(27,8,0,30,0),(28,3,0,31,0),(29,8,0,32,0),(30,9,0,34,0),(31,17,0,35,0),(32,12,0,38,0),(33,14,0,38,0),(34,10,1,1,0),(35,6,1,3,0),(36,3,1,3,0),(37,17,1,3,0),(38,4,1,4,0),(39,11,1,4,0),(40,17,1,8,0),(41,3,1,8,0),(42,14,1,11,0),(43,17,1,14,0),(44,14,1,14,0),(45,3,1,16,0),(46,13,1,17,0),(47,14,1,17,0),(48,14,1,20,0),(49,3,1,21,0),(50,2,1,21,0),(51,10,1,22,0),(52,10,1,22,0),(53,13,1,23,0),(54,8,1,24,0),(55,17,1,25,0),(56,2,1,25,0),(57,16,1,27,0),(58,3,1,29,0),(59,3,1,29,0),(60,4,1,30,0),(61,5,1,30,0),(62,3,1,31,0),(63,14,1,31,0),(64,16,1,32,0),(65,7,1,34,0),(66,13,1,34,0),(67,13,1,34,0),(68,10,1,35,0),(69,3,1,36,0),(70,10,1,37,0),(71,1,1,37,0),(72,17,1,38,0),(73,10,2,2,0),(74,3,2,4,0),(75,6,2,5,0),(76,1,2,7,0),(77,10,2,8,0),(78,14,2,11,0),(79,15,2,11,0),(80,12,2,12,0),(81,12,2,14,0),(82,5,2,14,0),(83,3,2,14,0),(84,15,2,15,0),(85,14,2,16,0),(86,3,2,16,0),(87,16,2,16,0),(88,17,2,17,0),(89,13,2,18,0),(90,2,2,19,0),(91,13,2,21,0),(92,1,2,23,0),(93,4,2,25,0),(94,15,2,28,0),(95,2,2,28,0),(96,5,2,30,0),(97,10,2,31,0),(98,5,2,32,0),(99,15,2,33,0),(100,7,2,33,0),(101,5,2,35,0),(102,5,2,35,0),(103,10,2,36,0),(104,3,2,36,0),(105,17,2,37,0),(106,5,2,37,0),(107,6,2,38,0),(108,12,2,39,0),(109,16,3,1,0),(110,16,3,2,0),(111,14,3,2,0),(112,11,3,3,0),(113,2,3,4,0),(114,13,3,5,0),(115,2,3,6,0),(116,4,3,6,0),(117,6,3,6,0),(118,6,3,7,0),(119,1,3,9,0),(120,1,3,9,0),(121,10,3,10,0),(122,17,3,11,0),(123,4,3,12,0),(124,8,3,13,0),(125,3,3,14,0),(126,12,3,15,0),(127,17,3,15,0),(128,10,3,16,0),(129,2,3,16,0),(130,17,3,20,0),(131,3,3,21,0),(132,9,3,21,0),(133,14,3,22,0),(134,5,3,23,0),(135,3,3,24,0),(136,10,3,24,0),(137,6,3,25,0),(138,17,3,25,0),(139,8,3,26,0),(140,4,3,27,0),(141,3,3,30,0),(142,13,3,31,0),(143,1,3,32,0),(144,17,3,32,0),(145,3,3,32,0),(146,17,3,35,0),(147,17,3,35,0),(148,4,3,36,0),(149,6,3,36,0),(150,6,3,37,0),(151,11,3,37,0),(152,11,3,38,0),(153,12,4,2,0),(154,5,4,2,0),(155,12,4,3,0),(156,13,4,4,0),(157,2,4,7,0),(158,4,4,7,0),(159,17,4,8,0),(160,10,4,9,0),(161,17,4,11,0),(162,17,4,11,0),(163,3,4,12,0),(164,4,4,13,0),(165,17,4,13,0),(166,14,4,15,0),(167,2,4,16,0),(168,17,4,17,0),(169,4,4,17,0),(170,14,4,18,0),(171,17,4,18,0),(172,10,4,19,0),(173,4,4,20,0),(174,2,4,20,0),(175,14,4,22,0),(176,4,4,23,0),(177,11,4,23,0),(178,17,4,25,0),(179,12,4,25,0),(180,12,4,25,0),(181,14,4,26,0),(182,11,4,26,0),(183,3,4,27,0),(184,14,4,28,0),(185,13,4,30,0),(186,14,4,30,0),(187,10,4,31,0),(188,3,4,33,0),(189,14,4,34,0),(190,17,4,35,0),(191,12,4,36,0),(192,13,4,39,0),(193,8,4,39,0),(194,14,5,1,0),(195,11,5,5,0),(196,4,5,9,0),(197,1,5,9,0),(198,1,5,13,0),(199,15,5,14,0),(200,3,5,14,0),(201,4,5,15,0),(202,3,5,16,0),(203,3,5,17,0),(204,3,5,17,0),(205,8,5,19,0),(206,1,5,20,0),(207,1,5,21,0),(208,2,5,21,0),(209,14,5,22,0),(210,9,5,23,0),(211,3,5,24,0),(212,15,5,26,0),(213,3,5,26,0),(214,2,5,27,0),(215,7,5,28,0),(216,10,5,28,0),(217,7,5,29,0),(218,15,5,30,0),(219,10,5,30,0),(220,9,5,31,0),(221,4,5,32,0),(222,7,5,33,0),(223,7,5,33,0),(224,3,5,34,0),(225,14,5,34,0),(226,4,5,35,0),(227,1,5,36,0),(228,3,5,37,0),(229,4,5,37,0),(230,6,5,38,0),(231,2,5,38,0),(232,11,5,39,0),(233,17,6,1,0),(234,3,6,2,0),(235,9,6,2,0),(236,14,6,2,0),(237,13,6,2,0),(238,9,6,3,0),(239,3,6,3,0),(240,13,6,4,0),(241,6,6,5,0),(242,7,6,6,0),(243,6,6,6,0),(244,17,6,7,0),(245,2,6,9,0),(246,4,6,9,0),(247,17,6,10,0),(248,6,6,11,0),(249,3,6,11,0),(250,1,6,11,0),(251,12,6,12,0),(252,3,6,12,0),(253,6,6,14,0),(254,6,6,15,0),(255,17,6,15,0),(256,13,6,17,0),(257,13,6,17,0),(258,15,6,18,0),(259,10,6,19,0),(260,13,6,20,0),(261,15,6,20,0),(262,15,6,21,0),(263,17,6,21,0),(264,4,6,22,0),(265,3,6,23,0),(266,14,6,24,0),(267,7,6,24,0),(268,6,6,26,0),(269,6,6,26,0),(270,17,6,28,0),(271,5,6,28,0),(272,1,6,29,0),(273,14,6,31,0),(274,17,6,31,0),(275,17,6,32,0),(276,6,6,33,0),(277,2,6,33,0),(278,4,6,35,0),(279,10,6,36,0),(280,4,6,37,0),(281,4,6,37,0),(282,1,6,38,0),(283,8,6,39,0),(284,17,7,2,0),(285,14,7,3,0),(286,4,7,4,0),(287,16,7,6,0),(288,3,7,6,0),(289,4,7,7,0),(290,6,7,7,0),(291,1,7,8,0),(292,6,7,8,0),(293,4,7,8,0),(294,1,7,8,0),(295,1,7,9,0),(296,10,7,9,0),(297,2,7,10,0),(298,15,7,12,0),(299,10,7,13,0),(300,14,7,14,0),(301,14,7,14,0),(302,15,7,15,0),(303,6,7,15,0),(304,15,7,16,0),(305,3,7,17,0),(306,7,7,19,0),(307,7,7,19,0),(308,4,7,20,0),(309,17,7,20,0),(310,17,7,21,0),(311,17,7,21,0),(312,1,7,22,0),(313,13,7,23,0),(314,16,7,23,0),(315,16,7,23,0),(316,12,7,24,0),(317,5,7,27,0),(318,17,7,28,0),(319,1,7,29,0),(320,17,7,30,0),(321,15,7,30,0),(322,6,7,31,0),(323,15,7,32,0),(324,3,7,34,0),(325,8,7,35,0),(326,1,7,37,0),(327,10,7,37,0),(328,17,8,4,0),(329,3,8,4,0),(330,4,8,5,0),(331,16,8,6,0),(332,17,8,7,0),(333,13,8,7,0),(334,1,8,7,0),(335,13,8,9,0),(336,14,8,10,0),(337,2,8,10,0),(338,13,8,10,0),(339,17,8,11,0),(340,4,8,12,0),(341,17,8,13,0),(342,15,8,13,0),(343,5,8,14,0),(344,9,8,14,0),(345,13,8,17,0),(346,17,8,18,0),(347,4,8,19,0),(348,6,8,19,0),(349,2,8,20,0),(350,7,8,20,0),(351,7,8,21,0),(352,13,8,22,0),(353,7,8,22,0),(354,1,8,23,0),(355,6,8,24,0),(356,2,8,24,0),(357,10,8,25,0),(358,3,8,26,0),(359,1,8,27,0),(360,17,8,27,0),(361,6,8,28,0),(362,10,8,29,0),(363,10,8,29,0),(364,8,8,29,0),(365,11,8,31,0),(366,15,8,31,0),(367,17,8,31,0),(368,14,8,32,0),(369,4,8,32,0),(370,2,8,33,0),(371,15,8,33,0),(372,5,8,34,0),(373,4,8,34,0),(374,5,9,3,0),(375,15,9,5,0),(376,13,9,8,0),(377,16,9,9,0),(378,15,9,10,0),(379,11,9,10,0),(380,14,9,12,0),(381,12,9,12,0),(382,14,9,13,0),(383,12,9,13,0),(384,12,9,14,0),(385,12,9,15,0),(386,14,9,17,0),(387,5,9,17,0),(388,3,9,18,0),(389,15,9,18,0),(390,4,9,19,0),(391,5,9,20,0),(392,17,9,21,0),(393,16,9,21,0),(394,16,9,21,0),(395,6,9,22,0),(396,15,9,22,0),(397,13,9,23,0),(398,4,9,23,0),(399,15,9,24,0),(400,1,9,25,0),(401,1,9,27,0),(402,3,9,27,0),(403,3,9,28,0),(404,15,9,30,0),(405,15,9,31,0),(406,3,9,32,0),(407,1,9,33,0),(408,3,9,34,0),(409,4,9,36,0),(410,17,9,37,0),(411,6,9,37,0),(412,2,9,38,0),(413,15,9,38,0),(414,1,9,38,0),(415,4,10,1,0),(416,2,10,4,0),(417,12,10,5,0),(418,1,10,6,0),(419,15,10,6,0),(420,13,10,7,0),(421,3,10,8,0),(422,3,10,9,0),(423,2,10,10,0),(424,14,10,10,0),(425,12,10,11,0),(426,17,10,11,0),(427,10,10,12,0),(428,2,10,14,0),(429,8,10,14,0),(430,14,10,15,0),(431,4,10,16,0),(432,17,10,16,0),(433,1,10,18,0),(434,10,10,18,0),(435,3,10,19,0),(436,9,10,19,0),(437,13,10,20,0),(438,3,10,20,0),(439,6,10,22,0),(440,5,10,23,0),(441,5,10,23,0),(442,17,10,23,0),(443,2,10,27,0),(444,6,10,27,0),(445,11,10,29,0),(446,15,10,29,0),(447,7,10,29,0),(448,12,10,31,0),(449,4,10,31,0),(450,10,10,32,0),(451,4,10,33,0),(452,8,10,34,0),(453,14,10,35,0),(454,3,10,37,0),(455,14,10,37,0),(456,5,10,39,0),(457,3,10,39,0),(458,15,11,0,0),(459,2,11,1,0),(460,6,11,5,0),(461,14,11,5,0),(462,9,11,6,0),(463,17,11,6,0),(464,13,11,6,0),(465,2,11,7,0),(466,10,11,8,0),(467,3,11,9,0),(468,3,11,12,0),(469,15,11,12,0),(470,11,11,13,0),(471,3,11,13,0),(472,2,11,14,0),(473,17,11,15,0),(474,6,11,16,0),(475,17,11,17,0),(476,10,11,19,0),(477,7,11,20,0),(478,3,11,21,0),(479,16,11,21,0),(480,9,11,23,0),(481,1,11,24,0),(482,7,11,24,0),(483,5,11,25,0),(484,3,11,26,0),(485,9,11,29,0),(486,6,11,30,0),(487,2,11,32,0),(488,14,11,33,0),(489,5,11,33,0),(490,15,11,34,0),(491,4,11,35,0),(492,8,11,35,0),(493,17,11,36,0),(494,2,11,37,0),(495,6,11,38,0),(496,3,11,38,0),(497,13,11,39,0),(498,8,11,39,0),(499,14,12,3,0),(500,6,12,3,0),(501,12,12,4,0),(502,4,12,4,0),(503,5,12,4,0),(504,14,12,5,0),(505,4,12,6,0),(506,16,12,7,0),(507,17,12,8,0),(508,17,12,10,0),(509,14,12,11,0),(510,2,12,11,0),(511,15,12,11,0),(512,17,12,13,0),(513,13,12,15,0),(514,14,12,15,0),(515,5,12,16,0),(516,4,12,17,0),(517,6,12,18,0),(518,7,12,19,0),(519,16,12,19,0),(520,17,12,21,0),(521,17,12,21,0),(522,3,12,21,0),(523,6,12,22,0),(524,16,12,23,0),(525,3,12,25,0),(526,1,12,25,0),(527,4,12,26,0),(528,2,12,27,0),(529,16,12,27,0),(530,3,12,28,0),(531,17,12,30,0),(532,4,12,31,0),(533,6,12,32,0),(534,1,12,32,0),(535,16,12,32,0),(536,13,12,33,0),(537,17,12,33,0),(538,14,12,34,0),(539,5,12,35,0),(540,17,12,35,0),(541,3,12,36,0),(542,17,12,37,0),(543,12,12,38,0),(544,11,12,39,0),(545,15,13,1,0),(546,1,13,1,0),(547,10,13,3,0),(548,7,13,5,0),(549,10,13,7,0),(550,1,13,7,0),(551,13,13,7,0),(552,4,13,8,0),(553,11,13,9,0),(554,5,13,10,0),(555,7,13,11,0),(556,17,13,11,0),(557,4,13,12,0),(558,2,13,13,0),(559,8,13,13,0),(560,4,13,14,0),(561,14,13,15,0),(562,13,13,15,0),(563,10,13,17,0),(564,6,13,17,0),(565,12,13,18,0),(566,14,13,18,0),(567,3,13,19,0),(568,5,13,20,0),(569,12,13,20,0),(570,15,13,21,0),(571,1,13,22,0),(572,14,13,23,0),(573,17,13,25,0),(574,1,13,26,0),(575,3,13,27,0),(576,1,13,27,0),(577,1,13,28,0),(578,14,13,28,0),(579,17,13,29,0),(580,17,13,29,0),(581,2,13,31,0),(582,7,13,31,0),(583,15,13,33,0),(584,17,13,34,0),(585,17,13,34,0),(586,14,13,35,0),(587,15,13,36,0),(588,17,13,37,0),(589,2,13,37,0),(590,6,13,37,0),(591,17,13,38,0),(592,4,13,39,0),(593,17,14,0,0),(594,3,14,0,0),(595,7,14,1,0),(596,11,14,1,0),(597,12,14,2,0),(598,10,14,3,0),(599,4,14,4,0),(600,5,14,5,0),(601,13,14,5,0),(602,17,14,6,0),(603,14,14,7,0),(604,17,14,8,0),(605,6,14,8,0),(606,6,14,9,0),(607,3,14,9,0),(608,3,14,10,0),(609,5,14,11,0),(610,10,14,12,0),(611,17,14,13,0),(612,4,14,14,0),(613,3,14,15,0),(614,16,14,16,0),(615,5,14,18,0),(616,6,14,19,0),(617,1,14,19,0),(618,10,14,20,0),(619,14,14,20,0),(620,11,14,21,0),(621,12,14,22,0),(622,17,14,22,0),(623,4,14,22,0),(624,17,14,23,0),(625,13,14,23,0),(626,6,14,25,0),(627,5,14,28,0),(628,17,14,29,0),(629,8,14,30,0),(630,2,14,31,0),(631,3,14,33,0),(632,2,14,34,0),(633,9,14,35,0),(634,13,14,37,0),(635,2,14,38,0),(636,17,14,38,0),(637,5,14,39,0),(638,13,15,0,0),(639,7,15,1,0),(640,4,15,2,0),(641,10,15,2,0),(642,3,15,3,0),(643,13,15,5,0),(644,16,15,5,0),(645,3,15,8,0),(646,9,15,8,0),(647,17,15,8,0),(648,17,15,9,0),(649,17,15,9,0),(650,17,15,10,0),(651,14,15,11,0),(652,4,15,16,0),(653,10,15,17,0),(654,17,15,18,0),(655,11,15,18,0),(656,2,15,19,0),(657,7,15,19,0),(658,2,15,19,0),(659,15,15,20,0),(660,12,15,23,0),(661,17,15,23,0),(662,2,15,24,0),(663,16,15,24,0),(664,10,15,25,0),(665,12,15,26,0),(666,9,15,27,0),(667,1,15,28,0),(668,8,15,29,0),(669,17,15,32,0),(670,12,15,33,0),(671,2,15,34,0),(672,13,15,35,0),(673,10,15,36,0),(674,3,15,38,0),(675,10,16,0,0),(676,15,16,0,0),(677,2,16,1,0),(678,17,16,2,0),(679,8,16,3,0),(680,17,16,3,0),(681,5,16,4,0),(682,17,16,5,0),(683,9,16,6,0),(684,5,16,7,0),(685,10,16,9,0),(686,6,16,11,0),(687,17,16,11,0),(688,4,16,12,0),(689,3,16,12,0),(690,9,16,13,0),(691,17,16,14,0),(692,7,16,14,0),(693,15,16,15,0),(694,4,16,16,0),(695,4,16,16,0),(696,6,16,17,0),(697,10,16,17,0),(698,4,16,18,0),(699,1,16,19,0),(700,11,16,20,0),(701,3,16,21,0),(702,7,16,21,0),(703,1,16,21,0),(704,2,16,22,0),(705,1,16,22,0),(706,6,16,24,0),(707,6,16,24,0),(708,13,16,26,0),(709,14,16,26,0),(710,15,16,27,0),(711,14,16,30,0),(712,2,16,31,0),(713,3,16,32,0),(714,15,16,33,0),(715,17,16,35,0),(716,1,16,35,0),(717,2,16,37,0),(718,3,16,37,0),(719,4,16,38,0),(720,3,16,38,0),(721,17,16,38,0),(722,2,16,39,0),(723,1,17,0,0),(724,17,17,0,0),(725,3,17,4,0),(726,15,17,4,0),(727,9,17,5,0),(728,14,17,8,0),(729,6,17,10,0),(730,11,17,11,0),(731,14,17,12,0),(732,4,17,12,0),(733,13,17,13,0),(734,17,17,13,0),(735,15,17,14,0),(736,17,17,15,0),(737,5,17,15,0),(738,7,17,16,0),(739,13,17,17,0),(740,17,17,18,0),(741,10,17,20,0),(742,4,17,21,0),(743,7,17,21,0),(744,8,17,22,0),(745,1,17,23,0),(746,15,17,24,0),(747,10,17,24,0),(748,17,17,26,0),(749,4,17,27,0),(750,12,17,28,0),(751,12,17,29,0),(752,13,17,29,0),(753,8,17,31,0),(754,16,17,33,0),(755,10,17,33,0),(756,17,17,34,0),(757,13,17,34,0),(758,15,17,35,0),(759,14,17,36,0),(760,4,17,37,0),(761,12,17,38,0),(762,5,17,38,0),(763,12,17,38,0),(764,4,17,39,0),(765,17,18,0,0),(766,17,18,1,0),(767,7,18,2,0),(768,14,18,3,0),(769,3,18,4,0),(770,10,18,4,0),(771,6,18,5,0),(772,4,18,5,0),(773,3,18,6,0),(774,13,18,6,0),(775,11,18,7,0),(776,6,18,8,0),(777,15,18,9,0),(778,1,18,9,0),(779,1,18,9,0),(780,2,18,11,0),(781,7,18,12,0),(782,5,18,14,0),(783,3,18,15,0),(784,3,18,15,0),(785,15,18,16,0),(786,3,18,17,0),(787,10,18,18,0),(788,7,18,18,0),(789,10,18,20,0),(790,17,18,21,0),(791,12,18,22,0),(792,15,18,23,0),(793,7,18,24,0),(794,14,18,24,0),(795,2,18,24,0),(796,14,18,25,0),(797,10,18,26,0),(798,4,18,26,0),(799,15,18,28,0),(800,16,18,28,0),(801,15,18,29,0),(802,3,18,29,0),(803,17,18,29,0),(804,15,18,30,0),(805,15,18,30,0),(806,8,18,31,0),(807,4,18,32,0),(808,4,18,33,0),(809,1,18,33,0),(810,12,18,35,0),(811,5,18,35,0),(812,3,18,36,0),(813,8,18,37,0),(814,3,18,37,0),(815,6,18,37,0),(816,3,18,37,0),(817,15,18,38,0),(818,4,19,0,0),(819,14,19,2,0),(820,15,19,3,0),(821,3,19,4,0),(822,3,19,5,0),(823,13,19,5,0),(824,2,19,7,0),(825,15,19,7,0),(826,17,19,7,0),(827,3,19,8,0),(828,16,19,10,0),(829,10,19,10,0),(830,13,19,11,0),(831,1,19,11,0),(832,3,19,12,0),(833,15,19,13,0),(834,17,19,13,0),(835,6,19,15,0),(836,13,19,15,0),(837,17,19,16,0),(838,17,19,17,0),(839,3,19,17,0),(840,1,19,18,0),(841,10,19,18,0),(842,3,19,19,0),(843,14,19,20,0),(844,3,19,21,0),(845,4,19,22,0),(846,3,19,22,0),(847,15,19,24,0),(848,4,19,24,0),(849,14,19,25,0),(850,11,19,26,0),(851,15,19,26,0),(852,4,19,27,0),(853,10,19,28,0),(854,2,19,29,0),(855,3,19,30,0),(856,5,19,33,0),(857,12,19,34,0),(858,17,19,35,0),(859,4,19,35,0),(860,9,19,36,0),(861,17,19,37,0),(862,5,19,37,0),(863,9,20,0,0),(864,15,20,1,0),(865,3,20,1,0),(866,10,20,1,0),(867,13,20,2,0),(868,14,20,2,0),(869,4,20,3,0),(870,1,20,3,0),(871,7,20,4,0),(872,10,20,5,0),(873,10,20,6,0),(874,3,20,7,0),(875,13,20,8,0),(876,11,20,8,0),(877,17,20,9,0),(878,3,20,9,0),(879,5,20,11,0),(880,1,20,12,0),(881,3,20,14,0),(882,16,20,15,0),(883,11,20,15,0),(884,14,20,16,0),(885,14,20,16,0),(886,14,20,17,0),(887,4,20,17,0),(888,15,20,18,0),(889,3,20,19,0),(890,15,20,20,0),(891,3,20,21,0),(892,14,20,22,0),(893,14,20,23,0),(894,17,20,25,0),(895,13,20,26,0),(896,15,20,26,0),(897,3,20,27,0),(898,6,20,28,0),(899,3,20,29,0),(900,14,20,29,0),(901,13,20,31,0),(902,7,20,33,0),(903,3,20,36,0),(904,8,20,36,0),(905,4,20,37,0),(906,17,20,38,0),(907,5,20,39,0),(908,4,20,39,0),(909,10,21,0,0),(910,1,21,1,0),(911,3,21,1,0),(912,14,21,2,0),(913,5,21,2,0),(914,6,21,3,0),(915,6,21,5,0),(916,17,21,7,0),(917,8,21,9,0),(918,4,21,10,0),(919,4,21,10,0),(920,7,21,11,0),(921,5,21,14,0),(922,9,21,15,0),(923,3,21,18,0),(924,4,21,19,0),(925,6,21,20,0),(926,3,21,21,0),(927,9,21,22,0),(928,14,21,23,0),(929,6,21,24,0),(930,2,21,24,0),(931,14,21,25,0),(932,16,21,26,0),(933,10,21,26,0),(934,17,21,28,0),(935,1,21,29,0),(936,15,21,29,0),(937,4,21,30,0),(938,15,21,30,0),(939,8,21,32,0),(940,8,21,33,0),(941,4,21,34,0),(942,10,21,35,0),(943,8,21,35,0),(944,9,21,36,0),(945,4,21,36,0),(946,8,21,38,0),(947,15,21,38,0),(948,9,22,0,0),(949,3,22,1,0),(950,2,22,2,0),(951,8,22,4,0),(952,4,22,4,0),(953,1,22,4,0),(954,14,22,5,0),(955,17,22,6,0),(956,8,22,6,0),(957,17,22,8,0),(958,10,22,9,0),(959,10,22,10,0),(960,1,22,12,0),(961,10,22,13,0),(962,1,22,13,0),(963,7,22,14,0),(964,4,22,15,0),(965,11,22,15,0),(966,15,22,17,0),(967,11,22,17,0),(968,14,22,17,0),(969,12,22,18,0),(970,5,22,18,0),(971,2,22,19,0),(972,16,22,19,0),(973,4,22,20,0),(974,7,22,21,0),(975,15,22,21,0),(976,15,22,23,0),(977,1,22,24,0),(978,4,22,27,0),(979,5,22,28,0),(980,4,22,29,0),(981,1,22,30,0),(982,10,22,30,0),(983,16,22,32,0),(984,3,22,34,0),(985,13,22,37,0),(986,14,22,37,0),(987,17,22,38,0),(988,10,23,0,0),(989,1,23,2,0),(990,4,23,3,0),(991,6,23,3,0),(992,17,23,4,0),(993,17,23,4,0),(994,15,23,5,0),(995,11,23,5,0),(996,3,23,6,0),(997,1,23,6,0),(998,6,23,7,0),(999,13,23,8,0),(1000,6,23,10,0),(1001,2,23,11,0),(1002,17,23,11,0),(1003,9,23,12,0),(1004,3,23,13,0),(1005,13,23,14,0),(1006,6,23,16,0),(1007,3,23,18,0),(1008,12,23,18,0),(1009,8,23,19,0),(1010,15,23,20,0),(1011,7,23,20,0),(1012,7,23,20,0),(1013,9,23,21,0),(1014,17,23,21,0),(1015,5,23,21,0),(1016,14,23,22,0),(1017,3,23,23,0),(1018,9,23,24,0),(1019,17,23,26,0),(1020,3,23,27,0),(1021,4,23,27,0),(1022,2,23,27,0),(1023,9,23,28,0),(1024,17,23,29,0),(1025,13,23,29,0),(1026,5,23,30,0),(1027,3,23,32,0),(1028,1,23,33,0),(1029,6,23,33,0),(1030,11,23,33,0),(1031,17,23,34,0),(1032,13,23,35,0),(1033,3,23,36,0),(1034,16,23,36,0),(1035,3,23,38,0),(1036,16,23,38,0),(1037,1,23,39,0),(1038,2,24,0,0),(1039,8,24,0,0),(1040,3,24,1,0),(1041,1,24,2,0),(1042,15,24,2,0),(1043,4,24,3,0),(1044,4,24,4,0),(1045,14,24,4,0),(1046,1,24,5,0),(1047,11,24,6,0),(1048,3,24,6,0),(1049,17,24,7,0),(1050,13,24,8,0),(1051,12,24,8,0),(1052,1,24,9,0),(1053,7,24,9,0),(1054,15,24,10,0),(1055,17,24,11,0),(1056,13,24,11,0),(1057,10,24,12,0),(1058,6,24,13,0),(1059,4,24,15,0),(1060,8,24,15,0),(1061,6,24,16,0),(1062,17,24,17,0),(1063,4,24,18,0),(1064,5,24,18,0),(1065,13,24,20,0),(1066,7,24,20,0),(1067,1,24,21,0),(1068,6,24,22,0),(1069,5,24,23,0),(1070,1,24,24,0),(1071,13,24,27,0),(1072,12,24,27,0),(1073,6,24,28,0),(1074,6,24,28,0),(1075,3,24,29,0),(1076,3,24,30,0),(1077,16,24,30,0),(1078,15,24,33,0),(1079,4,24,34,0),(1080,10,24,36,0),(1081,2,24,39,0),(1082,4,25,0,0),(1083,3,25,0,0),(1084,17,25,0,0),(1085,14,25,2,0),(1086,7,25,3,0),(1087,14,25,4,0),(1088,15,25,6,0),(1089,5,25,7,0),(1090,14,25,7,0),(1091,17,25,7,0),(1092,2,25,8,0),(1093,1,25,8,0),(1094,1,25,10,0),(1095,7,25,10,0),(1096,10,25,11,0),(1097,10,25,11,0),(1098,17,25,12,0),(1099,4,25,12,0),(1100,13,25,14,0),(1101,4,25,15,0),(1102,12,25,15,0),(1103,3,25,16,0),(1104,15,25,16,0),(1105,12,25,17,0),(1106,2,25,18,0),(1107,15,25,18,0),(1108,1,25,19,0),(1109,13,25,20,0),(1110,7,25,21,0),(1111,7,25,23,0),(1112,11,25,23,0),(1113,8,25,24,0),(1114,17,25,24,0),(1115,2,25,25,0),(1116,14,25,26,0),(1117,9,25,26,0),(1118,17,25,27,0),(1119,7,25,27,0),(1120,8,25,29,0),(1121,2,25,30,0),(1122,6,25,31,0),(1123,14,25,31,0),(1124,17,25,32,0),(1125,4,25,33,0),(1126,16,25,33,0),(1127,15,25,34,0),(1128,10,25,34,0),(1129,2,25,34,0),(1130,15,25,35,0),(1131,13,25,35,0),(1132,17,25,37,0),(1133,10,25,38,0),(1134,3,25,39,0),(1135,6,25,39,0),(1136,14,26,0,0),(1137,1,26,1,0),(1138,8,26,2,0),(1139,2,26,3,0),(1140,17,26,6,0),(1141,4,26,7,0),(1142,1,26,8,0),(1143,8,26,12,0),(1144,10,26,12,0),(1145,5,26,13,0),(1146,10,26,15,0),(1147,4,26,15,0),(1148,3,26,17,0),(1149,14,26,17,0),(1150,4,26,18,0),(1151,1,26,18,0),(1152,9,26,21,0),(1153,2,26,22,0),(1154,6,26,23,0),(1155,11,26,24,0),(1156,16,26,24,0),(1157,2,26,24,0),(1158,2,26,26,0),(1159,3,26,27,0),(1160,4,26,29,0),(1161,13,26,31,0),(1162,6,26,32,0),(1163,3,26,32,0),(1164,17,26,33,0),(1165,1,26,33,0),(1166,10,26,34,0),(1167,12,26,35,0),(1168,12,26,35,0),(1169,3,26,36,0),(1170,12,26,36,0),(1171,5,26,39,0),(1172,4,26,39,0),(1173,5,27,0,0),(1174,14,27,1,0),(1175,17,27,1,0),(1176,8,27,2,0),(1177,2,27,2,0),(1178,17,27,3,0),(1179,2,27,4,0),(1180,13,27,4,0),(1181,14,27,4,0),(1182,2,27,6,0),(1183,10,27,7,0),(1184,3,27,8,0),(1185,15,27,9,0),(1186,8,27,9,0),(1187,16,27,10,0),(1188,14,27,11,0),(1189,1,27,12,0),(1190,17,27,12,0),(1191,13,27,17,0),(1192,1,27,21,0),(1193,2,27,21,0),(1194,8,27,22,0),(1195,1,27,22,0),(1196,4,27,22,0),(1197,10,27,23,0),(1198,10,27,23,0),(1199,15,27,24,0),(1200,4,27,25,0),(1201,14,27,26,0),(1202,14,27,28,0),(1203,13,27,30,0),(1204,17,27,30,0),(1205,10,27,31,0),(1206,3,27,31,0),(1207,13,27,33,0),(1208,17,27,33,0),(1209,16,27,34,0),(1210,13,27,34,0),(1211,2,27,35,0),(1212,16,27,36,0),(1213,17,27,37,0),(1214,6,27,38,0),(1215,1,27,38,0),(1216,13,27,39,0),(1217,14,27,39,0),(1218,13,28,0,0),(1219,17,28,0,0),(1220,17,28,0,0),(1221,3,28,1,0),(1222,17,28,1,0),(1223,9,28,2,0),(1224,3,28,3,0),(1225,5,28,4,0),(1226,3,28,4,0),(1227,4,28,6,0),(1228,13,28,7,0),(1229,5,28,7,0),(1230,13,28,9,0),(1231,16,28,10,0),(1232,3,28,11,0),(1233,4,28,11,0),(1234,11,28,14,0),(1235,14,28,15,0),(1236,4,28,15,0),(1237,3,28,15,0),(1238,5,28,16,0),(1239,14,28,16,0),(1240,13,28,16,0),(1241,15,28,17,0),(1242,17,28,18,0),(1243,14,28,19,0),(1244,13,28,21,0),(1245,12,28,22,0),(1246,15,28,23,0),(1247,17,28,26,0),(1248,1,28,26,0),(1249,2,28,26,0),(1250,2,28,26,0),(1251,15,28,27,0),(1252,4,28,28,0),(1253,6,28,28,0),(1254,3,28,30,0),(1255,10,28,31,0),(1256,1,28,34,0),(1257,1,28,35,0),(1258,1,28,36,0),(1259,11,28,36,0),(1260,13,28,37,0),(1261,6,29,0,0),(1262,2,29,0,0),(1263,4,29,0,0),(1264,1,29,1,0),(1265,2,29,1,0),(1266,2,29,1,0),(1267,3,29,2,0),(1268,10,29,3,0),(1269,8,29,3,0),(1270,13,29,4,0),(1271,13,29,5,0),(1272,11,29,5,0),(1273,10,29,6,0),(1274,17,29,8,0),(1275,3,29,9,0),(1276,4,29,9,0),(1277,14,29,11,0),(1278,15,29,11,0),(1279,3,29,12,0),(1280,2,29,13,0),(1281,9,29,14,0),(1282,6,29,15,0),(1283,10,29,15,0),(1284,2,29,17,0),(1285,17,29,18,0),(1286,17,29,20,0),(1287,2,29,20,0),(1288,8,29,21,0),(1289,1,29,21,0),(1290,12,29,22,0),(1291,4,29,22,0),(1292,10,29,23,0),(1293,14,29,24,0),(1294,10,29,25,0),(1295,1,29,26,0),(1296,6,29,26,0),(1297,7,29,27,0),(1298,2,29,28,0),(1299,4,29,29,0),(1300,10,29,30,0),(1301,1,29,30,0),(1302,15,29,31,0),(1303,5,29,32,0),(1304,14,29,35,0),(1305,3,29,35,0),(1306,17,29,38,0),(1307,9,30,0,0),(1308,14,30,0,0),(1309,3,30,1,0),(1310,8,30,1,0),(1311,11,30,2,0),(1312,4,30,3,0),(1313,3,30,4,0),(1314,14,30,4,0),(1315,9,30,6,0),(1316,4,30,6,0),(1317,14,30,7,0),(1318,12,30,7,0),(1319,4,30,8,0),(1320,8,30,8,0),(1321,3,30,8,0),(1322,17,30,9,0),(1323,14,30,9,0),(1324,12,30,10,0),(1325,3,30,11,0),(1326,6,30,12,0),(1327,17,30,13,0),(1328,3,30,13,0),(1329,1,30,14,0),(1330,14,30,15,0),(1331,16,30,17,0),(1332,15,30,17,0),(1333,10,30,19,0),(1334,6,30,20,0),(1335,17,30,21,0),(1336,17,30,21,0),(1337,10,30,21,0),(1338,8,30,22,0),(1339,17,30,23,0),(1340,10,30,23,0),(1341,6,30,25,0),(1342,1,30,26,0),(1343,16,30,28,0),(1344,1,30,28,0),(1345,17,30,29,0),(1346,17,30,30,0),(1347,2,30,30,0),(1348,4,30,30,0),(1349,8,30,32,0),(1350,8,30,38,0),(1351,3,30,38,0),(1352,10,30,38,0),(1353,8,31,2,0),(1354,2,31,3,0),(1355,11,31,4,0),(1356,4,31,4,0),(1357,1,31,4,0),(1358,5,31,5,0),(1359,14,31,5,0),(1360,3,31,5,0),(1361,17,31,6,0),(1362,13,31,6,0),(1363,4,31,8,0),(1364,7,31,8,0),(1365,11,31,8,0),(1366,17,31,10,0),(1367,15,31,11,0),(1368,6,31,11,0),(1369,4,31,12,0),(1370,12,31,13,0),(1371,5,31,14,0),(1372,1,31,15,0),(1373,13,31,17,0),(1374,12,31,18,0),(1375,3,31,19,0),(1376,12,31,19,0),(1377,8,31,20,0),(1378,10,31,20,0),(1379,10,31,20,0),(1380,13,31,21,0),(1381,11,31,22,0),(1382,10,31,23,0),(1383,1,31,24,0),(1384,4,31,24,0),(1385,13,31,25,0),(1386,6,31,27,0),(1387,10,31,27,0),(1388,4,31,31,0),(1389,5,31,31,0),(1390,3,31,32,0),(1391,4,31,33,0),(1392,1,31,34,0),(1393,2,31,35,0),(1394,5,31,36,0),(1395,13,31,36,0),(1396,5,31,36,0),(1397,3,31,37,0),(1398,14,31,37,0),(1399,4,31,38,0),(1400,8,32,0,0),(1401,4,32,1,0),(1402,15,32,2,0),(1403,4,32,4,0),(1404,14,32,4,0),(1405,13,32,5,0),(1406,1,32,5,0),(1407,17,32,7,0),(1408,9,32,9,0),(1409,17,32,10,0),(1410,4,32,14,0),(1411,17,32,14,0),(1412,6,32,16,0),(1413,15,32,17,0),(1414,8,32,17,0),(1415,2,32,17,0),(1416,8,32,18,0),(1417,15,32,19,0),(1418,8,32,20,0),(1419,6,32,20,0),(1420,17,32,21,0),(1421,6,32,22,0),(1422,6,32,22,0),(1423,3,32,23,0),(1424,13,32,25,0),(1425,17,32,25,0),(1426,8,32,28,0),(1427,6,32,28,0),(1428,3,32,29,0),(1429,14,32,30,0),(1430,12,32,31,0),(1431,14,32,32,0),(1432,14,32,32,0),(1433,1,32,33,0),(1434,17,32,34,0),(1435,4,32,35,0),(1436,11,32,36,0),(1437,11,32,36,0),(1438,3,32,37,0),(1439,1,32,38,0),(1440,3,32,38,0),(1441,15,33,0,0),(1442,2,33,0,0),(1443,8,33,1,0),(1444,10,33,1,0),(1445,17,33,1,0),(1446,4,33,2,0),(1447,5,33,3,0),(1448,14,33,3,0),(1449,11,33,4,0),(1450,14,33,5,0),(1451,13,33,5,0),(1452,8,33,6,0),(1453,5,33,7,0),(1454,9,33,10,0),(1455,13,33,10,0),(1456,4,33,12,0),(1457,1,33,13,0),(1458,2,33,13,0),(1459,11,33,14,0),(1460,1,33,14,0),(1461,1,33,15,0),(1462,1,33,15,0),(1463,3,33,16,0),(1464,10,33,16,0),(1465,15,33,17,0),(1466,17,33,18,0),(1467,6,33,20,0),(1468,12,33,21,0),(1469,4,33,22,0),(1470,9,33,28,0),(1471,4,33,30,0),(1472,13,33,30,0),(1473,5,33,32,0),(1474,14,33,32,0),(1475,8,33,33,0),(1476,4,33,33,0),(1477,6,33,35,0),(1478,14,33,36,0),(1479,10,33,36,0),(1480,7,33,38,0),(1481,3,33,38,0),(1482,13,34,0,0),(1483,16,34,0,0),(1484,2,34,1,0),(1485,6,34,2,0),(1486,2,34,3,0),(1487,9,34,4,0),(1488,10,34,5,0),(1489,17,34,6,0),(1490,6,34,6,0),(1491,10,34,6,0),(1492,17,34,6,0),(1493,14,34,7,0),(1494,11,34,8,0),(1495,16,34,8,0),(1496,14,34,9,0),(1497,3,34,10,0),(1498,6,34,11,0),(1499,14,34,12,0),(1500,4,34,12,0),(1501,4,34,13,0),(1502,15,34,13,0),(1503,12,34,14,0),(1504,17,34,15,0),(1505,7,34,16,0),(1506,4,34,16,0),(1507,10,34,16,0),(1508,11,34,17,0),(1509,15,34,18,0),(1510,3,34,18,0),(1511,4,34,19,0),(1512,13,34,19,0),(1513,15,34,21,0),(1514,14,34,23,0),(1515,3,34,23,0),(1516,4,34,23,0),(1517,8,34,24,0),(1518,13,34,25,0),(1519,13,34,25,0),(1520,3,34,26,0),(1521,4,34,26,0),(1522,3,34,28,0),(1523,17,34,28,0),(1524,1,34,29,0),(1525,1,34,30,0),(1526,10,34,30,0),(1527,10,34,31,0),(1528,10,34,31,0),(1529,10,34,32,0),(1530,17,34,33,0),(1531,9,34,33,0),(1532,4,34,34,0),(1533,13,34,35,0),(1534,2,34,37,0),(1535,10,34,37,0),(1536,5,34,38,0),(1537,13,34,39,0),(1538,4,35,1,0),(1539,15,35,1,0),(1540,3,35,2,0),(1541,4,35,4,0),(1542,10,35,4,0),(1543,5,35,5,0),(1544,15,35,7,0),(1545,14,35,8,0),(1546,17,35,8,0),(1547,17,35,9,0),(1548,3,35,9,0),(1549,4,35,10,0),(1550,10,35,11,0),(1551,16,35,11,0),(1552,17,35,12,0),(1553,10,35,12,0),(1554,13,35,14,0),(1555,9,35,14,0),(1556,7,35,15,0),(1557,10,35,15,0),(1558,13,35,16,0),(1559,9,35,17,0),(1560,10,35,18,0),(1561,1,35,18,0),(1562,14,35,19,0),(1563,3,35,19,0),(1564,3,35,20,0),(1565,8,35,22,0),(1566,10,35,22,0),(1567,15,35,23,0),(1568,17,35,23,0),(1569,3,35,24,0),(1570,4,35,25,0),(1571,17,35,26,0),(1572,13,35,26,0),(1573,4,35,27,0),(1574,4,35,28,0),(1575,3,35,29,0),(1576,4,35,29,0),(1577,3,35,30,0),(1578,14,35,31,0),(1579,4,35,32,0),(1580,4,35,33,0),(1581,4,35,34,0),(1582,14,35,35,0),(1583,9,35,36,0),(1584,16,35,37,0),(1585,10,35,38,0),(1586,17,36,0,0),(1587,15,36,0,0),(1588,15,36,3,0),(1589,15,36,3,0),(1590,3,36,4,0),(1591,9,36,4,0),(1592,15,36,6,0),(1593,17,36,7,0),(1594,3,36,8,0),(1595,14,36,8,0),(1596,17,36,9,0),(1597,15,36,10,0),(1598,17,36,11,0),(1599,10,36,11,0),(1600,4,36,13,0),(1601,1,36,16,0),(1602,2,36,17,0),(1603,8,36,18,0),(1604,6,36,18,0),(1605,5,36,19,0),(1606,6,36,20,0),(1607,17,36,20,0),(1608,14,36,21,0),(1609,4,36,22,0),(1610,3,36,22,0),(1611,15,36,22,0),(1612,14,36,23,0),(1613,10,36,25,0),(1614,12,36,26,0),(1615,4,36,26,0),(1616,8,36,27,0),(1617,1,36,30,0),(1618,14,36,30,0),(1619,17,36,30,0),(1620,13,36,31,0),(1621,15,36,32,0),(1622,14,36,33,0),(1623,12,36,33,0),(1624,15,36,34,0),(1625,5,36,36,0),(1626,17,36,36,0),(1627,8,36,39,0),(1628,17,37,0,0),(1629,6,37,2,0),(1630,3,37,3,0),(1631,15,37,3,0),(1632,7,37,3,0),(1633,17,37,4,0),(1634,13,37,5,0),(1635,4,37,5,0),(1636,10,37,6,0),(1637,6,37,6,0),(1638,4,37,9,0),(1639,15,37,10,0),(1640,1,37,10,0),(1641,3,37,11,0),(1642,4,37,13,0),(1643,17,37,14,0),(1644,12,37,16,0),(1645,4,37,17,0),(1646,10,37,18,0),(1647,6,37,18,0),(1648,17,37,18,0),(1649,17,37,19,0),(1650,15,37,20,0),(1651,2,37,21,0),(1652,7,37,23,0),(1653,4,37,24,0),(1654,2,37,26,0),(1655,10,37,26,0),(1656,13,37,27,0),(1657,1,37,28,0),(1658,4,37,29,0),(1659,3,37,30,0),(1660,3,37,32,0),(1661,13,37,32,0),(1662,17,37,35,0),(1663,5,37,36,0),(1664,14,37,36,0),(1665,8,38,0,0),(1666,10,38,0,0),(1667,9,38,1,0),(1668,4,38,1,0),(1669,3,38,2,0),(1670,5,38,2,0),(1671,4,38,2,0),(1672,7,38,3,0),(1673,13,38,4,0),(1674,12,38,6,0),(1675,10,38,7,0),(1676,4,38,8,0),(1677,17,38,11,0),(1678,17,38,11,0),(1679,17,38,12,0),(1680,15,38,12,0),(1681,2,38,13,0),(1682,3,38,14,0),(1683,13,38,15,0),(1684,9,38,16,0),(1685,9,38,16,0),(1686,17,38,17,0),(1687,15,38,17,0),(1688,15,38,17,0),(1689,14,38,18,0),(1690,11,38,18,0),(1691,3,38,19,0),(1692,14,38,19,0),(1693,4,38,20,0),(1694,1,38,20,0),(1695,16,38,20,0),(1696,5,38,21,0),(1697,4,38,22,0),(1698,1,38,22,0),(1699,9,38,24,0),(1700,12,38,24,0),(1701,5,38,25,0),(1702,4,38,25,0),(1703,17,38,26,0),(1704,15,38,26,0),(1705,13,38,28,0),(1706,9,38,28,0),(1707,5,38,28,0),(1708,2,38,30,0),(1709,17,38,30,0),(1710,6,38,31,0),(1711,17,38,31,0),(1712,15,38,34,0),(1713,2,38,35,0),(1714,4,38,35,0),(1715,1,38,36,0),(1716,10,38,37,0),(1717,6,38,38,0),(1718,13,38,39,0),(1719,16,39,1,0),(1720,2,39,1,0),(1721,15,39,7,0),(1722,3,39,8,0),(1723,13,39,9,0),(1724,13,39,9,0),(1725,13,39,10,0),(1726,14,39,12,0),(1727,7,39,12,0),(1728,1,39,12,0),(1729,11,39,13,0),(1730,17,39,15,0),(1731,11,39,17,0),(1732,13,39,18,0),(1733,8,39,18,0),(1734,11,39,19,0),(1735,13,39,20,0),(1736,11,39,20,0),(1737,11,39,21,0),(1738,13,39,22,0),(1739,13,39,22,0),(1740,2,39,23,0),(1741,10,39,24,0),(1742,4,39,24,0),(1743,10,39,24,0),(1744,7,39,24,0),(1745,16,39,26,0),(1746,8,39,27,0),(1747,7,39,28,0),(1748,16,39,29,0),(1749,11,39,30,0),(1750,11,39,33,0),(1751,8,39,36,0),(1752,13,39,38,0),(1753,10,39,39,0);
/*!40000 ALTER TABLE `existing_monster` ENABLE KEYS */;
UNLOCK TABLES;

--
-- Table structure for table `item`
--

DROP TABLE IF EXISTS `item`;
/*!40101 SET @saved_cs_client     = @@character_set_client */;
 SET character_set_client = utf8mb4 ;
CREATE TABLE `item` (
  `item_id` int(11) NOT NULL,
  `damage` int(11) DEFAULT NULL,
  `armor` int(11) DEFAULT NULL,
  `str_bonus` int(11) DEFAULT NULL,
  `dex_bonus` int(11) DEFAULT NULL,
  `int_bonus` int(11) DEFAULT NULL,
  `con_bonus` int(11) DEFAULT NULL,
  `cha_bonus` int(11) DEFAULT NULL,
  `name` varchar(45) DEFAULT NULL,
  `weight` int(11) NOT NULL,
  `worth` int(11) NOT NULL,
  `type` enum('weapon','offhand','amulet','armor') DEFAULT NULL,
  `rarity_level` int(11) NOT NULL,
  PRIMARY KEY (`item_id`)
) ENGINE=InnoDB DEFAULT CHARSET=utf8;
/*!40101 SET character_set_client = @saved_cs_client */;

--
-- Dumping data for table `item`
--

LOCK TABLES `item` WRITE;
/*!40000 ALTER TABLE `item` DISABLE KEYS */;
INSERT INTO `item` VALUES (1,1,1,0,0,0,0,0,'Stick',10,1,'weapon',1),(2,3,0,1,-1,0,0,0,'Club',15,5,'weapon',2),(3,3,2,0,1,0,0,0,'Rapier',5,45,'weapon',3),(4,4,1,0,0,0,0,0,'Longsword',25,40,'weapon',3),(5,6,0,1,0,0,0,0,'Cutlass',20,110,'weapon',4),(6,8,0,0,0,0,0,0,'Bastard',30,260,'weapon',5),(7,3,1,0,0,1,0,0,'Wand',5,85,'weapon',3),(8,3,3,0,0,2,0,0,'Scepter',12,220,'weapon',4),(9,5,4,0,0,3,0,0,'Staff',20,600,'weapon',5),(10,4,5,0,0,3,0,0,'Bracers',5,600,'weapon',5),(11,2,0,0,1,0,0,0,'Shortsword',7,15,'weapon',2),(12,0,2,0,0,0,0,0,'Buckler',7,15,'offhand',2),(13,-1,4,0,-1,0,0,0,'Round Shield',15,40,'offhand',3),(14,-1,6,0,-1,0,0,0,'Heater Shield',25,100,'offhand',4),(15,0,5,0,-1,0,0,0,'Aspis',20,90,'offhand',4),(16,-1,2,0,-1,0,0,0,'Improvised Shield',10,1,'offhand',1),(17,1,1,0,1,0,0,0,'Knife',3,40,'offhand',3),(18,3,2,0,1,0,0,0,'Dagger',4,200,'offhand',5),(19,0,0,0,0,1,0,0,'Scroll',2,5,'offhand',1),(20,0,0,0,0,2,0,0,'Tome',5,30,'offhand',2),(21,0,0,0,0,3,0,0,'Spellbook',5,80,'offhand',3),(22,0,0,0,0,4,0,0,'Codex',5,200,'offhand',4),(23,0,0,0,0,5,0,0,'Archive',10,500,'offhand',5),(24,-2,8,0,-2,0,0,0,'Tower Shield',20,250,'offhand',5),(25,0,1,0,0,0,0,0,'Cloth Coat',5,3,'armor',1),(26,0,2,0,0,0,0,0,'Gambeson',8,20,'armor',2),(27,0,2,0,1,0,0,0,'Hide Vest',8,25,'armor',2),(28,0,3,0,0,0,0,0,'Leather Jacket',10,55,'armor',3),(29,0,4,0,-1,0,0,0,'Chainmail',20,65,'armor',3),(30,0,5,0,-1,0,0,0,'Ringmail',25,180,'armor',4),(31,0,6,0,-1,0,0,0,'Scalemail',25,400,'armor',5),(32,0,8,0,-2,0,0,0,'Plate Cuirass',25,420,'armor',5),(33,3,5,0,3,0,0,1,'Shadowskin',10,2200,'armor',6),(34,0,1,0,0,2,0,0,'Apprentice Robe',8,40,'armor',2),(35,2,5,0,0,3,2,0,'Armor of Warmage',18,2400,'armor',6),(36,0,4,0,0,3,0,0,'High Mage Robe',10,600,'armor',5),(37,0,2,0,2,3,0,0,'Leaf Robe',6,300,'armor',4),(38,0,2,0,0,3,0,0,'Hermit Robe',10,120,'armor',3);
/*!40000 ALTER TABLE `item` ENABLE KEYS */;
UNLOCK TABLES;

--
-- Table structure for table `item_type`
--

DROP TABLE IF EXISTS `item_type`;
/*!40101 SET @saved_cs_client     = @@character_set_client */;
 SET character_set_client = utf8mb4 ;
CREATE TABLE `item_type` (
  `item_type_id` int(11) NOT NULL,
  `item_type_name` varchar(45) NOT NULL,
  `damage_modifier` double NOT NULL,
  `armor_modifier` double NOT NULL,
  `str_modifier` int(11) DEFAULT NULL,
  `dex_modifier` int(11) DEFAULT NULL,
  `int_modifier` int(11) DEFAULT NULL,
  `con_modifier` int(11) DEFAULT NULL,
  `cha_modifier` int(11) DEFAULT NULL,
  `worth_modifier` double NOT NULL,
  `weight_modifier` double NOT NULL,
  `type_rarity_level` int(11) NOT NULL,
  `additional_worth` int(11) NOT NULL,
  PRIMARY KEY (`item_type_id`)
) ENGINE=InnoDB DEFAULT CHARSET=utf8;
/*!40101 SET character_set_client = @saved_cs_client */;

--
-- Dumping data for table `item_type`
--

LOCK TABLES `item_type` WRITE;
/*!40000 ALTER TABLE `item_type` DISABLE KEYS */;
INSERT INTO `item_type` VALUES (1,'Time-worn',-1,-1,0,0,0,0,0,0.5,0,1,0),(2,'Default',0,0,0,0,0,0,0,1,0,2,5),(3,'Good',1,1,0,0,0,0,0,1.1,1,3,10),(4,'Weathered',-2,-2,0,0,0,0,0,0.5,0,1,0),(5,'Mighty',1,0,1,0,0,0,0,1.15,0,3,10),(6,'Berserker',2,0,3,0,-1,0,0,2,0,4,15),(7,'Unlucky',0,-3,0,0,0,0,0,0.4,0,1,0),(8,'Wild',0,0,0,2,0,0,-1,1.2,0,3,10),(9,'Warden',0,1,0,0,0,1,0,1.2,0,3,10),(10,'Murderer',1,0,2,1,0,0,0,2,0,4,15),(11,'Adept',0,0,0,0,1,1,0,2,0,4,15),(12,'Arcane',0,0,0,0,1,0,1,2,0,4,15),(13,'Chosen',1,1,1,1,1,1,1,4,1,5,20),(14,'Trickster',2,0,0,3,1,1,0,4,0,5,20);
/*!40000 ALTER TABLE `item_type` ENABLE KEYS */;
UNLOCK TABLES;

--
-- Table structure for table `merchant`
--

DROP TABLE IF EXISTS `merchant`;
/*!40101 SET @saved_cs_client     = @@character_set_client */;
 SET character_set_client = utf8mb4 ;
CREATE TABLE `merchant` (
  `XPos` int(11) NOT NULL,
  `YPos` int(11) NOT NULL,
  `type` enum('tavern','weapon','offhand','armor','amulet') NOT NULL,
  `merchant_id` int(11) NOT NULL,
  `gold` int(11) NOT NULL,
  `name` varchar(45) NOT NULL,
  `shop_name` varchar(45) NOT NULL,
  `room_rent_worth` int(11) DEFAULT NULL,
  `meal_worth` int(11) DEFAULT NULL,
  PRIMARY KEY (`merchant_id`),
  KEY `fk_merchant_character_idx` (`merchant_id`),
  KEY `fk_merchant_ypos_idx` (`YPos`)
) ENGINE=InnoDB DEFAULT CHARSET=utf8;
/*!40101 SET character_set_client = @saved_cs_client */;

--
-- Dumping data for table `merchant`
--

LOCK TABLES `merchant` WRITE;
/*!40000 ALTER TABLE `merchant` DISABLE KEYS */;
INSERT INTO `merchant` VALUES (5,5,'weapon',1,1000,'Blacksmith Smith','\"Sharp edge\"',NULL,NULL),(5,5,'armor',2,1000,'Hard Thom','\"Efficient protection\"',NULL,NULL),(5,5,'offhand',3,1000,'Man`ahri','\"Both-armed fighter\'',NULL,NULL),(5,5,'tavern',4,5000,'Tavernmaster El`ae','\"Good party\"',50,20);
/*!40000 ALTER TABLE `merchant` ENABLE KEYS */;
UNLOCK TABLES;

--
-- Table structure for table `monster`
--

DROP TABLE IF EXISTS `monster`;
/*!40101 SET @saved_cs_client     = @@character_set_client */;
 SET character_set_client = utf8mb4 ;
CREATE TABLE `monster` (
  `monster_id` int(11) NOT NULL,
  `monster_name` varchar(45) NOT NULL,
  `str` int(11) NOT NULL,
  `dex` int(11) NOT NULL,
  `int` int(11) NOT NULL,
  `con` int(11) NOT NULL,
  `cha` int(11) NOT NULL,
  `hp` int(11) NOT NULL,
  `damage` int(11) NOT NULL,
  `armor` int(11) NOT NULL,
  `inMeadow` tinyint(1) NOT NULL,
  `inForest` tinyint(1) NOT NULL,
  `inDesert` tinyint(1) NOT NULL,
  `inTown` tinyint(1) NOT NULL,
  `rarityLevel` int(11) NOT NULL,
  PRIMARY KEY (`monster_id`)
) ENGINE=InnoDB DEFAULT CHARSET=utf8;
/*!40101 SET character_set_client = @saved_cs_client */;

--
-- Dumping data for table `monster`
--

LOCK TABLES `monster` WRITE;
/*!40000 ALTER TABLE `monster` DISABLE KEYS */;
INSERT INTO `monster` VALUES (1,'Boar',1,1,0,0,0,15,1,1,1,1,0,0,1),(2,'Wolf',1,2,0,0,0,10,2,0,1,1,0,0,1),(3,'Mischief of rats',0,3,0,0,0,10,1,0,1,1,1,0,1),(4,'Snake',1,1,0,0,0,8,3,0,1,1,1,0,1),(5,'Rattlesnake',1,4,0,0,0,25,5,1,0,0,1,0,2),(6,'Goblin',1,2,1,1,-1,50,6,3,1,1,0,0,2),(7,'Bear',6,1,1,1,0,70,10,7,0,1,0,0,3),(8,'Stray dog',1,1,0,0,0,10,1,0,1,0,0,1,1),(9,'Sceleton',2,0,1,0,0,35,5,5,0,0,1,0,2),(10,'Scavanger',2,3,0,0,0,30,6,0,1,1,0,0,2),(11,'Rogue',2,5,2,2,1,50,8,7,0,1,0,1,3),(12,'Nomad',4,4,3,2,2,60,9,4,0,0,1,0,3),(13,'Cultist',2,1,5,2,3,45,6,2,0,1,1,1,3),(14,'Ghoul',6,5,0,2,0,120,12,10,0,1,1,0,4),(15,'Faerie dragon',2,5,5,3,3,100,10,8,1,1,0,0,4),(16,'Werwolf',4,8,4,4,1,119,14,5,0,1,0,0,4),(17,'Dragon',10,10,10,10,10,500,25,25,1,1,1,0,5);
/*!40000 ALTER TABLE `monster` ENABLE KEYS */;
UNLOCK TABLES;

--
-- Table structure for table `user`
--

DROP TABLE IF EXISTS `user`;
/*!40101 SET @saved_cs_client     = @@character_set_client */;
 SET character_set_client = utf8mb4 ;
CREATE TABLE `user` (
  `user_id` int(11) NOT NULL,
  `email` varchar(45) NOT NULL,
  `login` varchar(45) NOT NULL,
  `password_hash` varchar(100) NOT NULL,
  PRIMARY KEY (`user_id`)
) ENGINE=InnoDB DEFAULT CHARSET=utf8;
/*!40101 SET character_set_client = @saved_cs_client */;

--
-- Dumping data for table `user`
--

LOCK TABLES `user` WRITE;
/*!40000 ALTER TABLE `user` DISABLE KEYS */;
INSERT INTO `user` VALUES (1,'CotxXx@ukr.net','qDshun','d14f7f78148c18b84657534f8293f690b88de40fa81e076a94762eaba8c58e82'),(3,'123','123','a665a45920422f9d417e4867efdc4fb8a04a1f3fff1fa07e998e86f7f7a27ae3'),(4,'huysosi','daun','fbfb386efea67e816f2dda0a8c94a98eb203757aebb3f55f183755a192d44467');
/*!40000 ALTER TABLE `user` ENABLE KEYS */;
UNLOCK TABLES;

--
-- Table structure for table `zone`
--

DROP TABLE IF EXISTS `zone`;
/*!40101 SET @saved_cs_client     = @@character_set_client */;
 SET character_set_client = utf8mb4 ;
CREATE TABLE `zone` (
  `x_pos` int(11) NOT NULL,
  `y_pos` int(11) NOT NULL,
  `type` int(11) NOT NULL,
  PRIMARY KEY (`x_pos`,`y_pos`)
) ENGINE=InnoDB DEFAULT CHARSET=utf8;
/*!40101 SET character_set_client = @saved_cs_client */;

--
-- Dumping data for table `zone`
--

LOCK TABLES `zone` WRITE;
/*!40000 ALTER TABLE `zone` DISABLE KEYS */;
INSERT INTO `zone` VALUES (0,0,3),(0,1,3),(0,2,3),(0,3,3),(0,4,3),(0,5,3),(0,6,3),(0,7,3),(0,8,3),(0,9,3),(0,10,3),(0,11,2),(0,12,1),(0,13,0),(0,14,1),(0,15,1),(0,16,0),(0,17,2),(0,18,0),(0,19,1),(0,20,0),(0,21,0),(0,22,2),(0,23,2),(0,24,1),(0,25,0),(0,26,2),(0,27,0),(0,28,2),(0,29,2),(0,30,0),(0,31,2),(0,32,0),(0,33,1),(0,34,2),(0,35,1),(0,36,1),(0,37,1),(0,38,2),(1,0,3),(1,1,1),(1,2,1),(1,3,1),(1,4,1),(1,5,1),(1,6,1),(1,7,1),(1,8,0),(1,9,0),(1,10,0),(1,11,2),(1,12,2),(1,13,0),(1,14,2),(1,15,0),(1,16,0),(1,17,2),(1,18,0),(1,19,2),(1,20,1),(1,21,0),(1,22,1),(1,23,1),(1,24,0),(1,25,0),(1,26,0),(1,27,1),(1,28,0),(1,29,1),(1,30,2),(1,31,2),(1,32,1),(1,33,0),(1,34,1),(1,35,0),(1,36,2),(1,37,0),(1,38,1),(1,39,4),(2,0,3),(2,1,3),(2,2,1),(2,3,1),(2,4,1),(2,5,1),(2,6,0),(2,7,0),(2,8,0),(2,9,0),(2,10,0),(2,11,1),(2,12,2),(2,13,2),(2,14,2),(2,15,0),(2,16,1),(2,17,2),(2,18,2),(2,19,0),(2,20,2),(2,21,1),(2,22,1),(2,23,0),(2,24,1),(2,25,0),(2,26,2),(2,27,1),(2,28,0),(2,29,1),(2,30,2),(2,31,0),(2,32,2),(2,33,1),(2,34,0),(2,35,2),(2,36,0),(2,37,2),(2,38,0),(2,39,2),(3,0,3),(3,1,1),(3,2,1),(3,3,1),(3,4,1),(3,5,1),(3,6,0),(3,7,0),(3,8,0),(3,9,0),(3,10,0),(3,11,0),(3,12,0),(3,13,0),(3,14,2),(3,15,2),(3,16,0),(3,17,1),(3,18,2),(3,19,2),(3,20,0),(3,21,2),(3,22,2),(3,23,2),(3,24,0),(3,25,0),(3,26,0),(3,27,2),(3,28,1),(3,29,0),(3,30,0),(3,31,1),(3,32,0),(3,33,1),(3,34,1),(3,35,0),(3,36,0),(3,37,1),(3,38,1),(3,39,3),(4,0,3),(4,1,1),(4,2,2),(4,3,2),(4,4,2),(4,5,3),(4,6,3),(4,7,0),(4,8,0),(4,9,0),(4,10,0),(4,11,0),(4,12,2),(4,13,0),(4,14,0),(4,15,1),(4,16,0),(4,17,2),(4,18,1),(4,19,1),(4,20,0),(4,21,0),(4,22,2),(4,23,1),(4,24,0),(4,25,2),(4,26,1),(4,27,1),(4,28,1),(4,29,1),(4,30,2),(4,31,0),(4,32,1),(4,33,2),(4,34,2),(4,35,2),(4,36,2),(4,37,2),(4,38,0),(4,39,4),(5,0,3),(5,1,2),(5,2,2),(5,3,2),(5,4,2),(5,5,4),(5,6,3),(5,7,3),(5,8,1),(5,9,1),(5,10,0),(5,11,2),(5,12,1),(5,13,0),(5,14,1),(5,15,2),(5,16,0),(5,17,2),(5,18,1),(5,19,0),(5,20,0),(5,21,0),(5,22,2),(5,23,2),(5,24,2),(5,25,2),(5,26,1),(5,27,0),(5,28,1),(5,29,1),(5,30,1),(5,31,2),(5,32,0),(5,33,1),(5,34,1),(5,35,1),(5,36,0),(5,37,2),(5,38,1),(5,39,4),(6,0,3),(6,1,2),(6,2,2),(6,3,2),(6,4,2),(6,5,1),(6,6,1),(6,7,1),(6,8,0),(6,9,0),(6,10,1),(6,11,0),(6,12,2),(6,13,2),(6,14,1),(6,15,0),(6,16,2),(6,17,2),(6,18,0),(6,19,0),(6,20,1),(6,21,0),(6,22,0),(6,23,0),(6,24,1),(6,25,2),(6,26,1),(6,27,1),(6,28,2),(6,29,0),(6,30,2),(6,31,2),(6,32,2),(6,33,0),(6,34,1),(6,35,1),(6,36,0),(6,37,2),(6,38,0),(6,39,4),(7,0,3),(7,1,3),(7,2,2),(7,3,2),(7,4,2),(7,5,1),(7,6,1),(7,7,0),(7,8,0),(7,9,0),(7,10,1),(7,11,2),(7,12,0),(7,13,1),(7,14,2),(7,15,0),(7,16,1),(7,17,0),(7,18,1),(7,19,1),(7,20,0),(7,21,2),(7,22,0),(7,23,1),(7,24,2),(7,25,1),(7,26,1),(7,27,2),(7,28,0),(7,29,1),(7,30,0),(7,31,0),(7,32,1),(7,33,0),(7,34,2),(7,35,0),(7,36,0),(7,37,1),(7,38,0),(7,39,3),(8,0,3),(8,1,3),(8,2,3),(8,3,3),(8,4,2),(8,5,2),(8,6,1),(8,7,1),(8,8,1),(8,9,1),(8,10,1),(8,11,2),(8,12,2),(8,13,1),(8,14,2),(8,15,2),(8,16,2),(8,17,2),(8,18,0),(8,19,0),(8,20,1),(8,21,1),(8,22,1),(8,23,0),(8,24,0),(8,25,1),(8,26,1),(8,27,1),(8,28,1),(8,29,0),(8,30,1),(8,31,1),(8,32,2),(8,33,0),(8,34,2),(8,35,0),(8,36,2),(8,37,0),(8,38,0),(8,39,3),(9,0,3),(9,1,3),(9,2,3),(9,3,2),(9,4,1),(9,5,1),(9,6,0),(9,7,2),(9,8,1),(9,9,1),(9,10,1),(9,11,2),(9,12,2),(9,13,2),(9,14,2),(9,15,2),(9,16,1),(9,17,2),(9,18,0),(9,19,2),(9,20,2),(9,21,1),(9,22,0),(9,23,2),(9,24,1),(9,25,0),(9,26,1),(9,27,0),(9,28,2),(9,29,0),(9,30,0),(9,31,1),(9,32,2),(9,33,0),(9,34,2),(9,35,2),(9,36,0),(9,37,0),(9,38,0),(9,39,3),(10,0,3),(10,1,2),(10,2,0),(10,3,2),(10,4,0),(10,5,2),(10,6,0),(10,7,2),(10,8,1),(10,9,0),(10,10,1),(10,11,2),(10,12,1),(10,13,0),(10,14,0),(10,15,2),(10,16,2),(10,17,0),(10,18,1),(10,19,2),(10,20,2),(10,21,0),(10,22,0),(10,23,2),(10,24,2),(10,25,0),(10,26,1),(10,27,1),(10,28,0),(10,29,1),(10,30,2),(10,31,2),(10,32,1),(10,33,2),(10,34,0),(10,35,2),(10,36,2),(10,37,1),(10,38,2),(10,39,2),(11,0,0),(11,1,0),(11,2,1),(11,3,2),(11,4,0),(11,5,1),(11,6,2),(11,7,0),(11,8,0),(11,9,2),(11,10,2),(11,11,1),(11,12,0),(11,13,1),(11,14,1),(11,15,0),(11,16,0),(11,17,2),(11,18,2),(11,19,0),(11,20,1),(11,21,1),(11,22,0),(11,23,2),(11,24,1),(11,25,2),(11,26,2),(11,27,2),(11,28,0),(11,29,2),(11,30,0),(11,31,0),(11,32,0),(11,33,2),(11,34,0),(11,35,0),(11,36,2),(11,37,1),(11,38,1),(11,39,4),(12,0,2),(12,1,2),(12,2,1),(12,3,1),(12,4,2),(12,5,1),(12,6,0),(12,7,1),(12,8,2),(12,9,2),(12,10,0),(12,11,1),(12,12,2),(12,13,2),(12,14,1),(12,15,1),(12,16,2),(12,17,0),(12,18,0),(12,19,1),(12,20,2),(12,21,2),(12,22,0),(12,23,1),(12,24,1),(12,25,0),(12,26,0),(12,27,1),(12,28,2),(12,29,1),(12,30,0),(12,31,0),(12,32,1),(12,33,2),(12,34,2),(12,35,2),(12,36,0),(12,37,2),(12,38,2),(12,39,1),(13,0,0),(13,1,0),(13,2,1),(13,3,1),(13,4,2),(13,5,1),(13,6,1),(13,7,1),(13,8,0),(13,9,1),(13,10,2),(13,11,1),(13,12,2),(13,13,0),(13,14,2),(13,15,2),(13,16,1),(13,17,0),(13,18,2),(13,19,2),(13,20,2),(13,21,1),(13,22,0),(13,23,1),(13,24,1),(13,25,2),(13,26,0),(13,27,0),(13,28,1),(13,29,0),(13,30,2),(13,31,1),(13,32,1),(13,33,0),(13,34,2),(13,35,2),(13,36,0),(13,37,1),(13,38,2),(13,39,2),(14,0,1),(14,1,1),(14,2,2),(14,3,0),(14,4,2),(14,5,2),(14,6,1),(14,7,1),(14,8,0),(14,9,0),(14,10,2),(14,11,2),(14,12,1),(14,13,2),(14,14,1),(14,15,2),(14,16,1),(14,17,2),(14,18,2),(14,19,0),(14,20,1),(14,21,1),(14,22,2),(14,23,1),(14,24,0),(14,25,1),(14,26,0),(14,27,2),(14,28,2),(14,29,1),(14,30,0),(14,31,0),(14,32,2),(14,33,0),(14,34,1),(14,35,2),(14,36,2),(14,37,2),(14,38,0),(14,39,2),(15,0,2),(15,1,1),(15,2,1),(15,3,2),(15,4,0),(15,5,1),(15,6,0),(15,7,1),(15,8,2),(15,9,1),(15,10,0),(15,11,2),(15,12,0),(15,13,1),(15,14,2),(15,15,0),(15,16,0),(15,17,1),(15,18,1),(15,19,1),(15,20,1),(15,21,1),(15,22,2),(15,23,2),(15,24,1),(15,25,1),(15,26,2),(15,27,2),(15,28,0),(15,29,0),(15,30,0),(15,31,0),(15,32,2),(15,33,2),(15,34,1),(15,35,2),(15,36,0),(15,37,1),(15,38,0),(15,39,0),(16,0,0),(16,1,0),(16,2,2),(16,3,0),(16,4,2),(16,5,0),(16,6,2),(16,7,2),(16,8,2),(16,9,0),(16,10,2),(16,11,1),(16,12,0),(16,13,2),(16,14,1),(16,15,0),(16,16,2),(16,17,1),(16,18,1),(16,19,0),(16,20,1),(16,21,1),(16,22,0),(16,23,2),(16,24,1),(16,25,2),(16,26,1),(16,27,1),(16,28,0),(16,29,2),(16,30,1),(16,31,0),(16,32,1),(16,33,0),(16,34,1),(16,35,0),(16,36,2),(16,37,0),(16,38,2),(16,39,0),(17,0,1),(17,1,2),(17,2,0),(17,3,0),(17,4,0),(17,5,2),(17,6,0),(17,7,2),(17,8,2),(17,9,2),(17,10,1),(17,11,1),(17,12,2),(17,13,1),(17,14,0),(17,15,2),(17,16,1),(17,17,1),(17,18,1),(17,19,2),(17,20,0),(17,21,1),(17,22,0),(17,23,0),(17,24,0),(17,25,1),(17,26,2),(17,27,2),(17,28,2),(17,29,2),(17,30,1),(17,31,0),(17,32,2),(17,33,1),(17,34,2),(17,35,0),(17,36,2),(17,37,0),(17,38,2),(17,39,0),(18,0,0),(18,1,1),(18,2,1),(18,3,2),(18,4,1),(18,5,0),(18,6,2),(18,7,1),(18,8,0),(18,9,0),(18,10,2),(18,11,0),(18,12,1),(18,13,1),(18,14,2),(18,15,2),(18,16,0),(18,17,1),(18,18,1),(18,19,2),(18,20,1),(18,21,0),(18,22,2),(18,23,0),(18,24,1),(18,25,2),(18,26,0),(18,27,1),(18,28,1),(18,29,0),(18,30,0),(18,31,0),(18,32,0),(18,33,0),(18,34,1),(18,35,2),(18,36,0),(18,37,0),(18,38,0),(18,39,1),(19,0,0),(19,1,1),(19,2,1),(19,3,0),(19,4,2),(19,5,2),(19,6,1),(19,7,0),(19,8,2),(19,9,1),(19,10,1),(19,11,1),(19,12,2),(19,13,0),(19,14,1),(19,15,1),(19,16,0),(19,17,2),(19,18,0),(19,19,2),(19,20,2),(19,21,1),(19,22,1),(19,23,0),(19,24,0),(19,25,1),(19,26,1),(19,27,2),(19,28,0),(19,29,0),(19,30,1),(19,31,0),(19,32,2),(19,33,2),(19,34,2),(19,35,2),(19,36,2),(19,37,2),(19,38,0),(19,39,3),(20,0,2),(20,1,1),(20,2,2),(20,3,1),(20,4,1),(20,5,0),(20,6,0),(20,7,0),(20,8,1),(20,9,0),(20,10,1),(20,11,2),(20,12,0),(20,13,2),(20,14,0),(20,15,1),(20,16,2),(20,17,1),(20,18,0),(20,19,1),(20,20,0),(20,21,0),(20,22,1),(20,23,1),(20,24,1),(20,25,2),(20,26,1),(20,27,2),(20,28,0),(20,29,2),(20,30,1),(20,31,1),(20,32,0),(20,33,1),(20,34,2),(20,35,2),(20,36,0),(20,37,1),(20,38,0),(20,39,2),(21,0,0),(21,1,1),(21,2,2),(21,3,0),(21,4,2),(21,5,0),(21,6,2),(21,7,2),(21,8,2),(21,9,0),(21,10,2),(21,11,1),(21,12,2),(21,13,1),(21,14,2),(21,15,2),(21,16,2),(21,17,0),(21,18,2),(21,19,0),(21,20,0),(21,21,0),(21,22,2),(21,23,2),(21,24,1),(21,25,2),(21,26,1),(21,27,0),(21,28,2),(21,29,0),(21,30,0),(21,31,1),(21,32,0),(21,33,0),(21,34,0),(21,35,0),(21,36,2),(21,37,1),(21,38,0),(21,39,3),(22,0,2),(22,1,1),(22,2,0),(22,3,2),(22,4,0),(22,5,2),(22,6,0),(22,7,0),(22,8,1),(22,9,0),(22,10,0),(22,11,2),(22,12,1),(22,13,0),(22,14,1),(22,15,1),(22,16,0),(22,17,1),(22,18,2),(22,19,1),(22,20,1),(22,21,1),(22,22,2),(22,23,0),(22,24,0),(22,25,0),(22,26,1),(22,27,2),(22,28,2),(22,29,1),(22,30,1),(22,31,2),(22,32,1),(22,33,1),(22,34,1),(22,35,0),(22,36,0),(22,37,2),(22,38,1),(22,39,4),(23,0,0),(23,1,2),(23,2,0),(23,3,0),(23,4,0),(23,5,1),(23,6,0),(23,7,0),(23,8,2),(23,9,1),(23,10,1),(23,11,1),(23,12,2),(23,13,0),(23,14,1),(23,15,2),(23,16,1),(23,17,2),(23,18,2),(23,19,0),(23,20,1),(23,21,2),(23,22,1),(23,23,1),(23,24,2),(23,25,0),(23,26,0),(23,27,1),(23,28,2),(23,29,2),(23,30,2),(23,31,2),(23,32,1),(23,33,1),(23,34,0),(23,35,2),(23,36,1),(23,37,1),(23,38,1),(23,39,0),(24,0,0),(24,1,1),(24,2,0),(24,3,0),(24,4,2),(24,5,1),(24,6,1),(24,7,1),(24,8,2),(24,9,1),(24,10,0),(24,11,1),(24,12,1),(24,13,1),(24,14,1),(24,15,0),(24,16,1),(24,17,2),(24,18,2),(24,19,2),(24,20,1),(24,21,0),(24,22,1),(24,23,2),(24,24,1),(24,25,0),(24,26,0),(24,27,2),(24,28,1),(24,29,2),(24,30,1),(24,31,0),(24,32,1),(24,33,0),(24,34,2),(24,35,2),(24,36,0),(24,37,2),(24,38,1),(24,39,0),(25,0,2),(25,1,2),(25,2,2),(25,3,1),(25,4,1),(25,5,1),(25,6,1),(25,7,2),(25,8,0),(25,9,0),(25,10,1),(25,11,0),(25,12,2),(25,13,0),(25,14,1),(25,15,2),(25,16,0),(25,17,2),(25,18,1),(25,19,1),(25,20,1),(25,21,1),(25,22,1),(25,23,1),(25,24,0),(25,25,0),(25,26,2),(25,27,1),(25,28,2),(25,29,0),(25,30,1),(25,31,1),(25,32,1),(25,33,1),(25,34,1),(25,35,1),(25,36,2),(25,37,0),(25,38,1),(25,39,0),(26,0,2),(26,1,1),(26,2,0),(26,3,0),(26,4,2),(26,5,0),(26,6,2),(26,7,1),(26,8,1),(26,9,2),(26,10,1),(26,11,2),(26,12,0),(26,13,2),(26,14,0),(26,15,0),(26,16,1),(26,17,2),(26,18,1),(26,19,0),(26,20,1),(26,21,2),(26,22,1),(26,23,0),(26,24,1),(26,25,0),(26,26,1),(26,27,2),(26,28,2),(26,29,1),(26,30,0),(26,31,2),(26,32,0),(26,33,0),(26,34,0),(26,35,2),(26,36,2),(26,37,0),(26,38,1),(26,39,2),(27,0,2),(27,1,1),(27,2,0),(27,3,0),(27,4,1),(27,5,1),(27,6,0),(27,7,1),(27,8,2),(27,9,0),(27,10,1),(27,11,2),(27,12,1),(27,13,1),(27,14,2),(27,15,0),(27,16,0),(27,17,2),(27,18,0),(27,19,1),(27,20,2),(27,21,1),(27,22,0),(27,23,1),(27,24,0),(27,25,1),(27,26,1),(27,27,0),(27,28,1),(27,29,0),(27,30,2),(27,31,0),(27,32,0),(27,33,2),(27,34,1),(27,35,0),(27,36,1),(27,37,1),(27,38,0),(27,39,2),(28,0,2),(28,1,0),(28,2,2),(28,3,1),(28,4,2),(28,5,2),(28,6,0),(28,7,2),(28,8,1),(28,9,2),(28,10,1),(28,11,1),(28,12,2),(28,13,2),(28,14,1),(28,15,1),(28,16,2),(28,17,0),(28,18,0),(28,19,2),(28,20,0),(28,21,1),(28,22,2),(28,23,0),(28,24,1),(28,25,2),(28,26,0),(28,27,1),(28,28,0),(28,29,1),(28,30,0),(28,31,0),(28,32,1),(28,33,0),(28,34,0),(28,35,0),(28,36,1),(28,37,2),(28,38,0),(28,39,0),(29,0,0),(29,1,0),(29,2,2),(29,3,0),(29,4,2),(29,5,1),(29,6,1),(29,7,2),(29,8,0),(29,9,2),(29,10,1),(29,11,1),(29,12,0),(29,13,1),(29,14,2),(29,15,1),(29,16,2),(29,17,0),(29,18,2),(29,19,1),(29,20,0),(29,21,0),(29,22,2),(29,23,0),(29,24,2),(29,25,0),(29,26,0),(29,27,1),(29,28,1),(29,29,0),(29,30,0),(29,31,1),(29,32,2),(29,33,2),(29,34,1),(29,35,2),(29,36,1),(29,37,1),(29,38,2),(29,39,0),(30,0,2),(30,1,0),(30,2,1),(30,3,2),(30,4,1),(30,5,1),(30,6,2),(30,7,2),(30,8,0),(30,9,2),(30,10,2),(30,11,2),(30,12,0),(30,13,0),(30,14,0),(30,15,1),(30,16,1),(30,17,1),(30,18,2),(30,19,1),(30,20,1),(30,21,0),(30,22,0),(30,23,0),(30,24,1),(30,25,1),(30,26,0),(30,27,1),(30,28,1),(30,29,2),(30,30,0),(30,31,2),(30,32,0),(30,33,1),(30,34,1),(30,35,1),(30,36,0),(30,37,2),(30,38,0),(30,39,3),(31,0,0),(31,1,2),(31,2,0),(31,3,0),(31,4,1),(31,5,2),(31,6,2),(31,7,0),(31,8,1),(31,9,0),(31,10,0),(31,11,0),(31,12,1),(31,13,2),(31,14,2),(31,15,0),(31,16,1),(31,17,1),(31,18,2),(31,19,2),(31,20,0),(31,21,1),(31,22,1),(31,23,0),(31,24,0),(31,25,2),(31,26,0),(31,27,0),(31,28,0),(31,29,2),(31,30,1),(31,31,2),(31,32,2),(31,33,0),(31,34,1),(31,35,0),(31,36,2),(31,37,1),(31,38,0),(31,39,2),(32,0,0),(32,1,2),(32,2,0),(32,3,2),(32,4,2),(32,5,1),(32,6,2),(32,7,1),(32,8,1),(32,9,2),(32,10,2),(32,11,1),(32,12,1),(32,13,0),(32,14,2),(32,15,2),(32,16,0),(32,17,0),(32,18,0),(32,19,0),(32,20,0),(32,21,0),(32,22,0),(32,23,2),(32,24,2),(32,25,2),(32,26,0),(32,27,2),(32,28,0),(32,29,2),(32,30,1),(32,31,2),(32,32,2),(32,33,0),(32,34,2),(32,35,2),(32,36,1),(32,37,1),(32,38,0),(32,39,0),(33,0,0),(33,1,0),(33,2,1),(33,3,2),(33,4,1),(33,5,2),(33,6,0),(33,7,2),(33,8,2),(33,9,1),(33,10,2),(33,11,0),(33,12,1),(33,13,0),(33,14,1),(33,15,0),(33,16,0),(33,17,0),(33,18,2),(33,19,2),(33,20,1),(33,21,2),(33,22,0),(33,23,2),(33,24,0),(33,25,0),(33,26,2),(33,27,0),(33,28,2),(33,29,1),(33,30,2),(33,31,1),(33,32,2),(33,33,0),(33,34,2),(33,35,0),(33,36,1),(33,37,0),(33,38,1),(33,39,3),(34,0,1),(34,1,1),(34,2,0),(34,3,0),(34,4,2),(34,5,0),(34,6,0),(34,7,2),(34,8,1),(34,9,2),(34,10,1),(34,11,0),(34,12,2),(34,13,0),(34,14,2),(34,15,2),(34,16,1),(34,17,1),(34,18,0),(34,19,2),(34,20,2),(34,21,0),(34,22,1),(34,23,2),(34,24,0),(34,25,1),(34,26,2),(34,27,2),(34,28,2),(34,29,0),(34,30,1),(34,31,0),(34,32,1),(34,33,2),(34,34,2),(34,35,2),(34,36,0),(34,37,0),(34,38,2),(34,39,2),(35,0,0),(35,1,0),(35,2,2),(35,3,0),(35,4,0),(35,5,2),(35,6,1),(35,7,1),(35,8,1),(35,9,2),(35,10,1),(35,11,1),(35,12,0),(35,13,1),(35,14,2),(35,15,1),(35,16,2),(35,17,2),(35,18,0),(35,19,2),(35,20,0),(35,21,2),(35,22,0),(35,23,1),(35,24,0),(35,25,1),(35,26,2),(35,27,0),(35,28,2),(35,29,1),(35,30,1),(35,31,1),(35,32,1),(35,33,2),(35,34,0),(35,35,1),(35,36,2),(35,37,1),(35,38,0),(35,39,2),(36,0,0),(36,1,0),(36,2,0),(36,3,1),(36,4,2),(36,5,1),(36,6,0),(36,7,2),(36,8,2),(36,9,2),(36,10,0),(36,11,0),(36,12,1),(36,13,0),(36,14,2),(36,15,2),(36,16,0),(36,17,1),(36,18,0),(36,19,2),(36,20,0),(36,21,2),(36,22,0),(36,23,2),(36,24,0),(36,25,1),(36,26,2),(36,27,0),(36,28,2),(36,29,2),(36,30,1),(36,31,2),(36,32,0),(36,33,2),(36,34,1),(36,35,1),(36,36,2),(36,37,2),(36,38,1),(36,39,0),(37,0,2),(37,1,0),(37,2,1),(37,3,1),(37,4,0),(37,5,2),(37,6,1),(37,7,1),(37,8,1),(37,9,1),(37,10,0),(37,11,0),(37,12,1),(37,13,1),(37,14,2),(37,15,0),(37,16,2),(37,17,2),(37,18,1),(37,19,0),(37,20,0),(37,21,0),(37,22,2),(37,23,1),(37,24,2),(37,25,0),(37,26,0),(37,27,2),(37,28,1),(37,29,0),(37,30,0),(37,31,2),(37,32,2),(37,33,1),(37,34,0),(37,35,0),(37,36,2),(37,37,2),(37,38,2),(37,39,3),(38,0,0),(38,1,2),(38,2,2),(38,3,1),(38,4,2),(38,5,1),(38,6,2),(38,7,1),(38,8,2),(38,9,2),(38,10,2),(38,11,1),(38,12,0),(38,13,0),(38,14,2),(38,15,1),(38,16,2),(38,17,0),(38,18,1),(38,19,2),(38,20,1),(38,21,2),(38,22,1),(38,23,0),(38,24,2),(38,25,2),(38,26,0),(38,27,0),(38,28,2),(38,29,2),(38,30,0),(38,31,1),(38,32,2),(38,33,0),(38,34,1),(38,35,0),(38,36,1),(38,37,0),(38,38,0),(38,39,4),(39,1,1),(39,2,3),(39,3,0),(39,4,0),(39,5,2),(39,6,3),(39,7,1),(39,8,2),(39,9,1),(39,10,4),(39,11,3),(39,12,1),(39,13,4),(39,14,0),(39,15,1),(39,16,1),(39,17,4),(39,18,4),(39,19,4),(39,20,4),(39,21,1),(39,22,2),(39,23,1),(39,24,1),(39,25,2),(39,26,1),(39,27,4),(39,28,1),(39,29,1),(39,30,4),(39,31,3),(39,32,3),(39,33,1),(39,34,2),(39,35,0),(39,36,0),(39,37,2),(39,38,4),(39,39,0);
/*!40000 ALTER TABLE `zone` ENABLE KEYS */;
UNLOCK TABLES;

--
-- Dumping events for database 'game'
--

--
-- Dumping routines for database 'game'
--
/*!40103 SET TIME_ZONE=@OLD_TIME_ZONE */;

/*!40101 SET SQL_MODE=@OLD_SQL_MODE */;
/*!40014 SET FOREIGN_KEY_CHECKS=@OLD_FOREIGN_KEY_CHECKS */;
/*!40014 SET UNIQUE_CHECKS=@OLD_UNIQUE_CHECKS */;
/*!40101 SET CHARACTER_SET_CLIENT=@OLD_CHARACTER_SET_CLIENT */;
/*!40101 SET CHARACTER_SET_RESULTS=@OLD_CHARACTER_SET_RESULTS */;
/*!40101 SET COLLATION_CONNECTION=@OLD_COLLATION_CONNECTION */;
/*!40111 SET SQL_NOTES=@OLD_SQL_NOTES */;

-- Dump completed on 2019-05-29  9:40:31
